filename,true_species,declared,declared_correct,consistent,offered_species,fabricated,legible,true_health,pred_health,true_cutting,pred_cutting,true_pests,pred_pests,confidence,self_confidence,samples,marker_code,marker_read,marker_correct,same_location_true,same_location_pred,unparseable,failed,reasoning
Avicennia_marina_01.jpg,Avicennia marina,Avicennia marina,1,yes,,0,1,,healthy,,0,,0,1.0,0.333,3,,,,,,0,0,"The image is clear and well-lit, showing a healthy mangrove tree with no signs of cutting or pests. The species appears consistent with Avicennia marina."
Avicennia_marina_02.jpg,Avicennia marina,Avicennia marina,1,yes,,0,1,,healthy,,0,,0,1.0,0.333,3,,,,,,0,0,"The image shows a well-maintained monitoring plot with healthy-looking mangroves. The overall condition of the seedlings is healthy, and there is no visible evidence of cutting or pest damage. The image is consistent with the declared species, Avicennia marina, and there are no visible seedlings in the image."
Avicennia_marina_03.jpg,Avicennia marina,Avicennia marina,1,yes,,0,1,,healthy,,0,,0,1.0,0.0,3,,,,,,0,0,"The image is well-lit and shows a dense stand of mangroves with healthy leaves, but no visible seedlings or signs of damage."
Avicennia_marina_04.jpg,Avicennia marina,Avicennia marina,1,yes,,0,1,,healthy,,0,,0,1.0,0.667,3,,,,,,0,0,The image shows healthy seedlings of Avicennia marina with no visible signs of cutting or pests.
Avicennia_marina_05.jpg,Avicennia marina,Ceriops tagal,0,yes,,0,1,,healthy,,0,,0,1.0,0.333,3,,,,,,0,0,"The image shows a healthy mangrove plant with green leaves and no visible signs of cutting or pests. The species appears consistent with Ceriops tagal, but there are no seedlings visible in the image."
Avicennia_marina_06.jpg,Avicennia marina,Rhizophora mucronata,0,yes,,0,1,,healthy,,0,,0,1.0,0.0,3,,,,,,0,0,"The image is clear and shows healthy seedlings of Rhizophora mucronata, with no signs of cutting or pests. The seedlings appear to be in good condition, indicating a healthy start to the restoration project."
Avicennia_marina_07.jpg,Avicennia marina,Avicennia marina,1,yes,,0,1,,healthy,,0,,0,1.0,0.333,3,,,,,,0,0,The image is clear and shows healthy seedlings of Avicennia marina with no visible signs of cutting or pests.
Avicennia_marina_08.jpg,Avicennia marina,Avicennia marina,1,yes,,0,1,,healthy,,0,,0,1.0,0.0,3,,,,,,0,0,"The image shows a dense cluster of green leaves, with no visible signs of cutting, pests, or unhealthy seedlings. The overall condition of the seedlings appears healthy, and the image is sharp enough to judge the plants."
Avicennia_marina_09.jpg,Avicennia marina,Avicennia marina,1,,,0,,,,,,,,,,,,,,,,1,0,
Avicennia_marina_10.jpg,Avicennia marina,Avicennia marina,1,yes,,0,1,,healthy,,0,,0,1.0,0.667,3,,,,,,0,0,"The image shows a dense thicket of medium-sized trees and shrubs, with a few larger trees visible in the background. The plants appear to be healthy and well-established, with no signs of cutting or pest damage. The overall condition of the seedlings is healthy."
Avicennia_marina_11.jpg,Avicennia marina,Avicennia marina,1,yes,,0,1,,healthy,,0,,0,1.0,0.667,3,,,,,,0,0,"The image is sharp and well-lit, showing a dense cluster of small shrubs with oval-shaped leaves, consistent with Avicennia marina seedlings. The overall condition of the seedlings appears healthy, with no visible signs of stress, death, or cutting, and no evidence of pests. The number of seedlings is unclear due to the dense foliage, but they seem to be present. I am highly confident in my assessment, as the image is clear and shows clear signs of healthy seedlings consistent with the declared species."
Avicennia_marina_12.jpg,Avicennia marina,Avicennia marina,1,yes,,0,1,,healthy,,0,,0,1.0,0.333,3,,,,,,0,0,The image shows a healthy mangrove with no visible signs of cutting or pests. The leaves are consistent with Avicennia marina.
Ceriops_tagal_13.jpg,Ceriops tagal,Ceriops tagal,1,yes,,0,1,,healthy,,0,,0,1.0,0.0,3,,,,,,0,0,"The image is sharp and well-lit, showing a cluster of small seedlings with green leaves and no visible signs of damage or stress. The seedlings appear to be in good health and are consistent with the declared species, Ceriops tagal."
Ceriops_tagal_14.jpg,Ceriops tagal,Xylocarpus granatum,0,yes,,0,1,,healthy,,0,,0,1.0,0.667,3,,,,,,0,0,"The image is clear and well-lit, showing a dense cluster of young mangroves with oval-shaped leaves and long, thin stems. The overall condition of the seedlings appears healthy, with no visible signs of cutting or pest damage."
Ceriops_tagal_15.jpg,Ceriops tagal,Xylocarpus granatum,0,yes,,0,1,,healthy,,0,,0,1.0,0.333,3,,,,,,0,0,"The image is sharp and well-lit, showing healthy seedlings consistent with the declared species Xylocarpus granatum."
Ceriops_tagal_16.jpg,Ceriops tagal,Ceriops tagal,1,yes,,0,1,,healthy,,0,,0,1.0,0.333,3,,,,,,0,0,"The image is clear and well-lit, showing a healthy mangrove plant with no visible signs of damage or pests. The leaves are a vibrant green, and there are no visible stumps or cut poles, indicating that the plant has not been cut recently. The image is consistent with the declared species, Ceriops tagal, and there are no visible seedlings."
Ceriops_tagal_17.jpg,Ceriops tagal,Ceriops tagal,1,yes,,0,1,,healthy,,0,,0,1.0,0.0,3,,,,,,0,0,"The image is sharp, lit, and framed well enough to judge the plants. There is no visible evidence of cutting, pests, or damage to the seedlings. The overall condition of the seedlings appears healthy, and the image is consistent with the declared species, Ceriops tagal."
Ceriops_tagal_18.jpg,Ceriops tagal,Ceriops tagal,1,yes,,0,1,,healthy,,0,,0,1.0,0.333,3,,,,,,0,0,"The image is sharp and well-lit, allowing for clear identification of the plant species. The seedlings appear healthy and there is no visible evidence of cutting or pest damage."
Ceriops_tagal_19.jpg,Ceriops tagal,Ceriops tagal,1,yes,,0,1,,healthy,,0,,0,0.667,0.5,3,,,,,,0,0,The image is clear and shows healthy seedlings of Ceriops tagal. (2 of 3 samples agreed.)
Ceriops_tagal_20.jpg,Ceriops tagal,Xylocarpus moluccensis,0,yes,,0,1,,healthy,,0,,0,1.0,0.333,3,,,,,,0,0,"The image shows a close-up of a mangrove plant with several leaves and branches. The leaves are a light green color and have a pointed tip, which is consistent with Xylocarpus moluccensis. There are no visible signs of cutting, pests, or disease, and the plant appears to be healthy and thriving."
Ceriops_tagal_21.jpg,Ceriops tagal,Ceriops tagal,1,yes,,0,1,,healthy,,0,,0,1.0,0.333,3,,,,,,0,0,"The image is sharp and well-lit, showing healthy seedlings with no visible signs of cutting or pests. The leaves and stems appear consistent with Ceriops tagal."
Ceriops_tagal_22.jpg,Ceriops tagal,Lumnitzera racemosa,0,yes,,0,1,,healthy,,0,,0,1.0,0.0,3,,,,,,0,0,"The image is clear and well-lit, showing a dense cluster of young mangrove plants with green leaves and stems. The overall condition of the seedlings appears healthy, with no visible signs of cutting, pests, or stress."
Ceriops_tagal_23.jpg,Ceriops tagal,Heritiera littoralis,0,yes,,0,1,,healthy,,0,,0,1.0,0.0,3,,,,,,0,0,"The image is sharp and well-lit, showing healthy young mangrove trees with no signs of cutting or pests. The leaves and stems are consistent with Heritiera littoralis, and there are no visible seedlings."
Ceriops_tagal_24.jpg,Ceriops tagal,Lumnitzera racemosa,0,yes,,0,1,,healthy,,0,,0,1.0,0.667,3,,,,,,0,0,"The image shows a close-up of a branch with several leaves and a seedling attached to it, indicating a healthy and thriving mangrove plant."
Rhizophora_mucronata_25.jpg,Rhizophora mucronata,Sonneratia alba,0,yes,,0,1,,healthy,,0,,0,1.0,0.0,3,,,,,,0,0,"The image is clear and well-lit, showing healthy young mangroves with no signs of cutting or pest damage. The species appears consistent with Sonneratia alba, and there are no visible seedlings."
Rhizophora_mucronata_26.jpg,Rhizophora mucronata,Rhizophora mucronata,1,yes,,0,1,,healthy,,0,,0,1.0,0.333,3,,,,,,0,0,"The image is clear, and the seedlings appear healthy. There is no visible evidence of cutting or pests. The species appears consistent with Rhizophora mucronata, but there are no seedlings visible in the image."
Rhizophora_mucronata_27.jpg,Rhizophora mucronata,Heritiera littoralis,0,yes,,0,1,,healthy,,0,,0,1.0,0.667,3,,,,,,0,0,"The photograph shows a dense cluster of mangrove trees with thick, twisted roots and dark brown trunks. The trees appear to be healthy and well-established, with no visible signs of cutting or pest damage. The image is sharp and well-lit, allowing for a clear view of the plants."
Rhizophora_mucronata_28.jpg,Rhizophora mucronata,Rhizophora mucronata,1,yes,,0,1,,healthy,,0,,0,1.0,0.333,3,,,,,,0,0,"The image shows a group of seedlings that appear to be healthy and consistent with the declared species, Rhizophora mucronata. There is no visible evidence of cutting, pests, or seedlings."
Rhizophora_mucronata_29.jpg,Rhizophora mucronata,Bruguiera gymnorrhiza,0,yes,,0,1,,healthy,,0,,0,1.0,0.0,3,,,,,,0,0,"The image shows a clear and well-lit photograph of the monitoring plot, with no visible evidence of cutting or pest damage. The seedlings appear healthy, but there are no visible seedlings, which may indicate that the image was taken at a stage where the seedlings have not yet emerged or have been removed. Overall, the image suggests that the monitoring plot is well-maintained and free of any significant issues."
Rhizophora_mucronata_30.jpg,Rhizophora mucronata,Rhizophora mucronata,1,yes,,0,1,,healthy,,0,,0,1.0,0.0,3,,,,,,0,0,"The image is well-lit and framed, allowing for a clear view of the plants. The seedlings appear healthy, with no visible signs of cutting or pest damage. The species appears consistent with the declared species, Rhizophora mucronata."
Rhizophora_mucronata_31.jpg,Rhizophora mucronata,Ceriops tagal,0,yes,,0,1,,healthy,,0,,0,1.0,1.0,3,,,,,,0,0,The image shows healthy mangrove seedlings with no visible signs of cutting or pest damage. The species appears consistent with Ceriops tagal.
Rhizophora_mucronata_32.jpg,Rhizophora mucronata,Rhizophora mucronata,1,yes,,0,1,,healthy,,0,,0,1.0,1.0,3,,,,,,0,0,"The image shows a dense cluster of mangrove seedlings, all of which appear to be healthy and thriving. The leaves are a vibrant green, and there is no visible evidence of cutting, pests, or stress."
Rhizophora_mucronata_33.jpg,Rhizophora mucronata,Xylocarpus granatum,0,yes,,0,1,,healthy,,0,,0,1.0,0.667,3,,,,,,0,0,"The image is clear and well-lit, showing a cluster of yellow flowers on the stem of a mangrove tree. The flowers are consistent with Xylocarpus granatum, and there is no visible damage or signs of cutting."
Rhizophora_mucronata_34.jpg,Rhizophora mucronata,Rhizophora mucronata,1,yes,,0,1,,healthy,,0,,0,1.0,0.667,3,,,,,,0,0,The image is clear and shows a healthy mangrove with no signs of cutting or pests. The leaves and flowers are consistent with Rhizophora mucronata.
Rhizophora_mucronata_35.jpg,Rhizophora mucronata,Ceriops tagal,0,yes,,0,1,,healthy,,0,,0,0.667,0.0,3,,,,,,0,0,"The image is clear and well-lit, showing a healthy mangrove tree with no signs of cutting or pest damage. The species appears consistent with Ceriops tagal. (2 of 3 samples agreed.)"
Rhizophora_mucronata_36.jpg,Rhizophora mucronata,Rhizophora mucronata,1,yes,,0,1,,healthy,,0,,0,1.0,0.0,3,,,,,,0,0,"The image is clear and well-lit, showing healthy mangrove seedlings with no signs of cutting or pest damage. The species appears consistent with Rhizophora mucronata, but there are no visible seedlings in the image."
Sonneratia_alba_37.jpg,Sonneratia alba,Sonneratia alba,1,,,0,,,,,,,,,,,,,,,,1,0,
Sonneratia_alba_38.jpg,Sonneratia alba,Sonneratia alba,1,yes,,0,1,,healthy,,0,,0,1.0,0.333,3,,,,,,0,0,"The image shows a healthy-looking plant with large, flat leaves and a prominent flower. The flower has long, thin white stamens and a yellow center, which is consistent with the declared species Sonneratia alba."
Sonneratia_alba_39.jpg,Sonneratia alba,Sonneratia alba,1,yes,,0,1,,healthy,,0,,0,1.0,0.0,3,,,,,,0,0,"The image is sharp and well-lit, showing a group of young mangroves with large leaves and no visible signs of cutting, pests, or damage. The overall health of the seedlings appears healthy, and the species appears consistent with the declared species, Sonneratia alba."
Sonneratia_alba_40.jpg,Sonneratia alba,Sonneratia alba,1,yes,,0,1,,healthy,,0,,0,1.0,0.0,3,,,,,,0,0,"The image is clear and shows healthy young mangrove trees with no visible signs of cutting or pests. The leaves appear to be consistent with Sonneratia alba, but it's difficult to confirm without more information or a closer look."
Sonneratia_alba_41.jpg,Sonneratia alba,Sonneratia alba,1,yes,,0,1,,healthy,,0,,0,1.0,0.0,3,,,,,,0,0,"The image shows a mangrove forest with a variety of species, but the declared species, Sonneratia alba, is visible. The seedlings appear to be healthy and there is no evidence of cutting or pest damage."
Sonneratia_alba_42.jpg,Sonneratia alba,Sonneratia alba,1,yes,,0,1,,healthy,,0,,0,1.0,0.333,3,,,,,,0,0,"The image shows a clear and healthy mangrove forest with no signs of cutting or pests. The leaves and flowers are consistent with Sonneratia alba, and there are no other species visible in the image."
Sonneratia_alba_43.jpg,Sonneratia alba,Sonneratia alba,1,yes,,0,1,,healthy,,0,,0,1.0,0.0,3,,,,,,0,0,"The image is sharp and well-lit, allowing for clear identification of the plant species. The seedlings appear healthy, with no visible signs of damage or pests. The image is consistent with the declared species, Sonneratia alba."
Sonneratia_alba_44.jpg,Sonneratia alba,Sonneratia alba,1,yes,,0,1,,healthy,,0,,0,1.0,0.333,3,,,,,,0,0,"The image is clear and shows healthy seedlings that are consistent with the declared species, Sonneratia alba."
Sonneratia_alba_45.jpg,Sonneratia alba,Xylocarpus moluccensis,0,yes,,0,1,,healthy,,0,,0,1.0,0.333,3,,,,,,0,0,"The image is clear and shows healthy seedlings. There is no evidence of cutting, pests, or damage. The species appears consistent with the declared species, Xylocarpus moluccensis."
Sonneratia_alba_46.jpg,Sonneratia alba,Sonneratia alba,1,yes,,0,1,,healthy,,0,,0,1.0,0.667,3,,,,,,0,0,"The image is sharp and well-lit, showing healthy seedlings that are consistent with Sonneratia alba."
Sonneratia_alba_47.jpg,Sonneratia alba,Sonneratia alba,1,yes,,0,1,,healthy,,0,,0,1.0,0.333,3,,,,,,0,0,"The image is sharp and well-lit, showing a healthy mangrove seedling with no signs of cutting or pest damage. The overall condition of the seedling appears to be healthy, and the image is consistent with the declared species, Sonneratia alba."
Sonneratia_alba_48.jpg,Sonneratia alba,Ceriops tagal,0,yes,,0,1,,healthy,,0,,0,1.0,0.0,2,,,,,,0,0,"The image is sharp and well-lit, showing a healthy seedling with no visible cutting or pest damage. The seedling's shape and leaves are consistent with Ceriops tagal."
Xylocarpus_granatum_49.jpg,Xylocarpus granatum,Xylocarpus moluccensis,0,yes,,0,1,,healthy,,0,,0,1.0,0.333,3,,,,,,0,0,"The image shows a pile of cut logs, which could be from a mangrove tree, but there is no clear indication of the species. The logs appear to be cut and not growing, so it's difficult to determine their health. There is no visible evidence of pests or cutting, and the image is clear enough to judge the plants. The declared species, Xylocarpus moluccensis, is consistent with the image, but the logs do not look like seedlings, so there are no seedlings visible."
Xylocarpus_granatum_50.jpg,Xylocarpus granatum,Xylocarpus granatum,1,yes,,0,1,,healthy,,0,,0,1.0,0.0,3,,,,,,0,0,"The image shows a mature tree with a large fruit, which is consistent with the declared species Xylocarpus granatum. The tree appears to be healthy with no visible signs of cutting or pests."
Xylocarpus_granatum_51.jpg,Xylocarpus granatum,Xylocarpus granatum,1,yes,,0,1,,healthy,,0,,0,1.0,0.667,3,,,,,,0,0,"The image shows a dense thicket of young mangroves, with no visible signs of damage or stress, and no evidence of cutting or pests. The leaves appear to be consistent with Xylocarpus granatum, and there are no other species visible in the image."
Xylocarpus_granatum_52.jpg,Xylocarpus granatum,Avicennia marina,0,yes,,0,1,,healthy,,0,,0,1.0,0.0,3,,,,,,0,0,"The image is clear and well-lit, showing a healthy mangrove seedling with no signs of cutting or pests. The species appears consistent with Avicennia marina, and there are no visible seedlings."
Xylocarpus_granatum_53.jpg,Xylocarpus granatum,Xylocarpus granatum,1,yes,,0,1,,healthy,,0,,0,1.0,0.667,3,,,,,,0,0,"The image is clear, and the seedlings appear healthy with no visible signs of cutting or pests. The declared species, Xylocarpus granatum, is consistent with the visible characteristics of the seedlings."
Xylocarpus_granatum_54.jpg,Xylocarpus granatum,Xylocarpus granatum,1,yes,,0,1,,healthy,,0,,0,1.0,0.667,3,,,,,,0,0,"The image is well-lit and framed, with no visible signs of damage or cutting. The leaves appear to be healthy and consistent with Xylocarpus granatum."
Xylocarpus_granatum_55.jpg,Xylocarpus granatum,Ceriops tagal,0,yes,,0,1,,healthy,,0,,0,1.0,0.667,3,,,,,,0,0,"The image is clear and well-lit, showing a dense stand of young mangroves with no visible signs of cutting, pests, or unhealthy seedlings. The leaves and trunks appear healthy and consistent with Ceriops tagal."
Xylocarpus_granatum_56.jpg,Xylocarpus granatum,Lumnitzera racemosa,0,yes,,0,1,,healthy,,0,,0,1.0,1.0,3,,,,,,0,0,"The image shows a close-up of mangrove leaves and branches, with no visible signs of cutting, pests, or unhealthy seedlings. The leaves appear healthy and consistent with Lumnitzera racemosa, a species of mangrove known for its distinctive leaves and growth habits."
Xylocarpus_granatum_57.jpg,Xylocarpus granatum,Xylocarpus granatum,1,yes,,0,1,,healthy,,0,,0,1.0,0.333,3,,,,,,0,0,"The image is clear enough to assess the plants, and they appear healthy with no signs of cutting or pests. The species appears consistent with Xylocarpus granatum."
Xylocarpus_granatum_58.jpg,Xylocarpus granatum,Xylocarpus granatum,1,yes,,0,1,,healthy,,0,,0,1.0,0.333,3,,,,,,0,0,"The image is sharp and well-lit, showing a healthy mangrove tree with no visible signs of cutting or pests. The leaves and flowers are consistent with Xylocarpus granatum."
Xylocarpus_granatum_59.jpg,Xylocarpus granatum,Xylocarpus granatum,1,yes,,0,1,,healthy,,0,,0,1.0,0.0,3,,,,,,0,0,"The image shows a cluster of small, white flowers with five petals, which is consistent with the declared species Xylocarpus granatum. The leaves are dark green and have a glossy appearance, also consistent with Xylocarpus granatum. There are no visible signs of cutting, pests, or damage to the seedlings."
Xylocarpus_granatum_60.jpg,Xylocarpus granatum,Xylocarpus granatum,1,yes,,0,1,,healthy,,0,,0,1.0,0.0,3,,,,,,0,0,"The image is well-lit and framed, allowing for clear identification of the seedlings as Xylocarpus granatum."
